ANP,SECTOR,DEPARTAMENTO,PROVINCIA,DISTRITO,UBIGEO,PROCEDENCIA,EDAD,FECHA,VISITAS_E1,VISITAS_E2A3,VISITAS_E3A30,FECHA_CORTE,TIPO_ESTADIA_PREDOMINANTE,ANIO,MES
SN de Calipuy,Mirador Puya Raimondi,LA LIBERTAD,SANTIAGO DE CHUCO,SANTIAGO DE CHUCO,131001.0,LOCAL,MENOR,20220731,24,0,0,20240527,1 día,2022,7
PN Huascarán,Llaca,ANCASH,HUARAZ,INDEPENDENCIA,20105.0,EXTRANJERO,ADULTO,20231031,51,42,0,20240527,1 día,2023,10
PN de Tingo María,Cueva de las Lechuzas,HUANUCO,LEONCIO PRADO,MARIANO DAMASO BERAUN,100606.0,NACIONAL,ADULTO,20230630,5774,0,0,20240527,1 día,2023,6
RN Pacaya-Samiria,Nauta Caño,LORETO,LORETO,PARINARI,160302.0,EXTRANJERO,MENOR,20230630,13,0,0,20240527,1 día,2023,6
RN de Paracas,No especificado,ICA,No especificado,No especificado,0.0,LOCAL,MENOR,20231130,10016,0,0,20240527,1 día,2023,11
RN de Lachay,No especificado,LIMA,HUAURA,HUACHO,150801.0,NACIONAL,MENOR,20220228,52,0,0,20240527,1 día,2022,2
PN Huascarán,Purhuay,ANCASH,HUARAZ,INDEPENDENCIA,20105.0,NACIONAL,ADULTO,20220731,161,0,0,20240527,1 día,2022,7
PN Huascarán,Churup,ANCASH,HUARAZ,INDEPENDENCIA,20105.0,LOCAL,MENOR,20231130,12,0,0,20240527,1 día,2023,11
SN Lagunas de Mejía,No especificado,AREQUIPA,ISLAY,DEAN VALDIVIA,40703.0,LOCAL,MENOR,20230831,81,0,0,20240527,1 día,2023,8
SH de Chacamarca,No especificado,JUNIN,JUNIN,JUNIN,120501.0,LOCAL,ADULTO,20220131,417,0,0,20240527,1 día,2022,1
PN Huascarán,Carpa,ANCASH,HUARAZ,INDEPENDENCIA,20105.0,LOCAL,MENOR,20230430,71,0,0,20240527,1 día,2023,4
SH Machupicchu,Acceso Amazónico,CUSCO,URUBAMBA,MACHUPICCHU,81304.0,NACIONAL,MENOR,20230831,202,0,0,20240527,1 día,2023,8
RN Tambopata,La Torre,MADRE DE DIOS,TAMBOPATA,TAMBOPATA,170101.0,EXTRANJERO,MENOR,20220930,0,1,0,20240527,2 a 3 días,2022,9
PN de Tingo María,Cueva de las Lechuzas,HUANUCO,LEONCIO PRADO,MARIANO DAMASO BERAUN,100606.0,NACIONAL,MENOR,20220930,792,0,0,20240527,1 día,2022,9
PN de Tingo María,Cueva de las Lechuzas,HUANUCO,LEONCIO PRADO,MARIANO DAMASO BERAUN,100606.0,NACIONAL,INFANTE,20230430,23,0,0,20240527,1 día,2023,4
PN Huascarán,Cashapampa,ANCASH,HUARAZ,INDEPENDENCIA,20105.0,EXTRANJERO,ADULTO,20220731,227,0,0,20240527,1 día,2022,7
RN de Lachay,No especificado,LIMA,HUAURA,HUACHO,150801.0,LOCAL,MENOR,20220630,24,0,0,20240527,1 día,2022,6
RN de Paracas,No especificado,ICA,No especificado,No especificado,0.0,EXTRANJERO,MENOR,20230228,42,0,0,20240527,1 día,2023,2
RVS Los Pantanos de Villa,No especificado,LIMA,LIMA,CHORRILLOS,150108.0,EXTRANJERO,ADULTO,20221130,91,0,0,20240527,1 día,2022,11
SH Machupicchu,Ruta 01,CUSCO,URUBAMBA,MACHUPICCHU,81304.0,NACIONAL,ADULTO,20230731,0,0,244,20240527,3 a 30 días,2023,7
PN de Tingo María,Cueva de las Lechuzas,HUANUCO,LEONCIO PRADO,MARIANO DAMASO BERAUN,100606.0,NACIONAL,ADULTO MAYOR,20220930,179,0,0,20240527,1 día,2022,9
SH de la Pampa de Ayacucho,No especificado,AYACUCHO,HUAMANGA,QUINUA,50108.0,LOCAL,ADULTO MAYOR,20220630,304,0,0,20240527,1 día,2022,6
RN Allpahuayo Mishana,Irapay,LORETO,MAYNAS,SAN JUAN BAUTISTA,160113.0,LOCAL,ADULTO,20230630,63,0,0,20240527,1 día,2023,6
ZR Sierra del Divisor,No especificado,UCAYALI,CORONEL PORTILLO,CALLERIA,250101.0,LOCAL,ADULTO,20221231,43,0,0,20240527,1 día,2022,12
SN de Huayllay,No especificado,PASCO,PASCO,HUAYLLAY,190104.0,LOCAL,ADULTO,20231130,679,0,0,20240527,1 día,2023,11
SN los Manglares de Tumbes,No especificado,TUMBES,ZARUMILLA,ZARUMILLA,240301.0,NACIONAL,ADULTO MAYOR,20231130,9,0,0,20240527,1 día,2023,11
SH Bosque de Pomac,No especificado,LAMBAYEQUE,FERREÑAFE,PITIPO,140205.0,NACIONAL,MENOR,20230930,5,0,0,20240527,1 día,2023,9
RN Tambopata,La Torre,MADRE DE DIOS,TAMBOPATA,TAMBOPATA,170101.0,EXTRANJERO,ADULTO MAYOR,20221031,64,6,0,20240527,1 día,2022,10
RN de Lachay,No especificado,LIMA,HUAURA,HUACHO,150801.0,NACIONAL,ADULTO,20220228,303,0,0,20240527,1 día,2022,2
RN Tambopata,Sandoval,MADRE DE DIOS,TAMBOPATA,TAMBOPATA,170101.0,EXTRANJERO,ADULTO,20230531,1262,112,4,20240527,1 día,2023,5
SH Machupicchu,Acceso Amazónico,CUSCO,URUBAMBA,MACHUPICCHU,81304.0,NACIONAL,INFANTE,20230430,1,0,0,20240527,1 día,2023,4
RN Pacaya-Samiria,Nauta Caño,LORETO,LORETO,PARINARI,160302.0,NACIONAL,ADULTO,20230831,25,0,0,20240527,1 día,2023,8
PN de Cutervo,No especificado,CAJAMARCA,CUTERVO,SANTO DOMINGO DE LA CAPILLA,60612.0,LOCAL,ADULTO,20230731,5,0,0,20240527,1 día,2023,7
PN Huascarán,Ulta,ANCASH,HUARAZ,INDEPENDENCIA,20105.0,NACIONAL,MENOR,20230331,38,0,0,20240527,1 día,2023,3
SN los Manglares de Tumbes,No especificado,TUMBES,ZARUMILLA,ZARUMILLA,240301.0,NACIONAL,ADULTO,20230531,16,0,0,20240527,1 día,2023,5
RN Tambopata,La Torre,MADRE DE DIOS,TAMBOPATA,TAMBOPATA,170101.0,EXTRANJERO,MENOR,20230430,8,2,0,20240527,1 día,2023,4
RN San Fernando,No especificado,ICA,NASCA,CHANGUILLO,110302.0,EXTRANJERO,ADULTO,20230930,15,0,0,20240527,1 día,2023,9
RN Pacaya-Samiria,Nauta Caño,LORETO,LORETO,PARINARI,160302.0,NACIONAL,ADULTO,20230630,42,0,0,20240527,1 día,2023,6
PN Huascarán,Ulta,ANCASH,HUARAZ,INDEPENDENCIA,20105.0,LOCAL,MENOR,20230331,17,0,0,20240527,1 día,2023,3
RN de Lachay,No especificado,LIMA,HUAURA,HUACHO,150801.0,EXTRANJERO,ADULTO,20231130,16,0,0,20240527,1 día,2023,11
RN Pampa Galeras Barbara D' Achille,No especificado,AYACUCHO,LUCANAS,LUCANAS,50611.0,NACIONAL,MENOR,20220831,9,0,0,20240527,1 día,2022,8
PN Huascarán,Churup,ANCASH,HUARAZ,INDEPENDENCIA,20105.0,LOCAL,MENOR,20230930,106,0,0,20240527,1 día,2023,9
PN Huascarán,Carpa,ANCASH,HUARAZ,INDEPENDENCIA,20105.0,NACIONAL,MENOR,20230731,999,0,0,20240527,1 día,2023,7
"RN Sistema de Islas, Islotes y Puntas Guaneras",Islas Cavinza e Islotes Palomino,No especificado,No especificado,No especificado,0.0,EXTRANJERO,MENOR,20220731,83,0,0,20240527,1 día,2022,7
PN Huascarán,Churup,ANCASH,HUARAZ,INDEPENDENCIA,20105.0,EXTRANJERO,ADULTO,20220731,1510,0,0,20240527,1 día,2022,7
"RN Sistema de Islas, Islotes y Puntas Guaneras",Islas Ballestas,No especificado,No especificado,No especificado,0.0,EXTRANJERO,MENOR,20220831,304,0,0,20240527,1 día,2022,8
RN San Fernando,No especificado,ICA,NASCA,CHANGUILLO,110302.0,LOCAL,ADULTO,20230831,18,0,0,20240527,1 día,2023,8
SH Machupicchu,Ruta 01,CUSCO,URUBAMBA,MACHUPICCHU,81304.0,NACIONAL,MENOR,20230531,0,0,1,20240527,3 a 30 días,2023,5
RN del Titicaca,Titino,PUNO,HUANCANE,HUANCANE,210601.0,NACIONAL,ADULTO,20221031,134,0,0,20240527,1 día,2022,10
PN de Tingo María,Quinceañera,HUANUCO,LEONCIO PRADO,MARIANO DAMASO BERAUN,100606.0,NACIONAL,MENOR,20220531,9,0,0,20240527,1 día,2022,5
RN Tambopata,Sandoval,MADRE DE DIOS,TAMBOPATA,TAMBOPATA,170101.0,LOCAL,ADULTO,20231130,17,1,0,20240527,1 día,2023,11
SH Bosque de Pomac,No especificado,LAMBAYEQUE,FERREÑAFE,PITIPO,140205.0,NACIONAL,ADULTO,20220430,276,0,0,20240527,1 día,2022,4
PN Huascarán,Llanganuco,ANCASH,HUARAZ,INDEPENDENCIA,20105.0,LOCAL,MENOR,20230531,4,0,0,20240527,1 día,2023,5
"RN Sistema de Islas, Islotes y Puntas Guaneras",Islas Cavinza e Islotes Palomino,No especificado,No especificado,No especificado,0.0,EXTRANJERO,ADULTO MAYOR,20231031,193,0,0,20240527,1 día,2023,10
PN del Río Abiseo,No especificado,SAN MARTIN,MARISCAL CACERES,HUICUNGO,220603.0,NACIONAL,MENOR,20221031,3,0,0,20240527,1 día,2022,10
SH de Chacamarca,No especificado,JUNIN,JUNIN,JUNIN,120501.0,NACIONAL,ADULTO,20230630,110,0,0,20240527,1 día,2023,6
RN Pacaya-Samiria,Samiria,LORETO,LORETO,PARINARI,160302.0,EXTRANJERO,ADULTO MAYOR,20220831,15,10,0,20240527,1 día,2022,8
SN de Ampay,No especificado,APURIMAC,ABANCAY,TAMBURCO,30109.0,LOCAL,ADULTO,20220630,159,0,0,20240527,1 día,2022,6
SH Machupicchu,"Ruta 1, 2, 3 y 5",CUSCO,URUBAMBA,MACHUPICCHU,81304.0,EXTRANJERO,MENOR,20221130,0,0,51,20240527,3 a 30 días,2022,11
"RN Sistema de Islas, Islotes y Puntas Guaneras",Islas Ballestas,No especificado,No especificado,No especificado,0.0,LOCAL,ADULTO,20220930,280,0,0,20240527,1 día,2022,9
SH de la Pampa de Ayacucho,No especificado,AYACUCHO,HUAMANGA,QUINUA,50108.0,NACIONAL,MENOR,20220630,546,0,0,20240527,1 día,2022,6
PN Yanachaga-Chemillén,San Alberto,PASCO,OXAPAMPA,PALCAZU,190304.0,NACIONAL,MENOR,20231031,14,0,0,20240527,1 día,2023,10
SN los Manglares de Tumbes,No especificado,TUMBES,ZARUMILLA,ZARUMILLA,240301.0,NACIONAL,MENOR,20221130,5,0,0,20240527,1 día,2022,11
PN del Manu,Río Manu,MADRE DE DIOS,MANU,MANU,170201.0,NACIONAL,ADULTO,20230731,1,0,0,20240527,1 día,2023,7
PN de Tingo María,Tres de Mayo,HUANUCO,LEONCIO PRADO,MARIANO DAMASO BERAUN,100606.0,EXTRANJERO,ADULTO,20230228,1,0,0,20240527,1 día,2023,2
SN de Huayllay,No especificado,PASCO,PASCO,HUAYLLAY,190104.0,NACIONAL,INFANTE,20221231,59,0,0,20240527,1 día,2022,12
RN de Paracas,BE,ICA,No especificado,No especificado,0.0,NACIONAL,MENOR,20230228,5,0,0,20240527,1 día,2023,2
RN Pacaya-Samiria,Pacaya,LORETO,LORETO,PARINARI,160302.0,NACIONAL,ADULTO,20230228,1,0,0,20240527,1 día,2023,2
PN del Río Abiseo,No especificado,SAN MARTIN,MARISCAL CACERES,HUICUNGO,220603.0,NACIONAL,MENOR,20230930,1,1,0,20240527,1 día,2023,9
RN de Paracas,No especificado,ICA,No especificado,No especificado,0.0,EXTRANJERO,MENOR,20230430,127,0,0,20240527,1 día,2023,4
PN Huascarán,Churup,ANCASH,HUARAZ,INDEPENDENCIA,20105.0,LOCAL,ADULTO,20231130,147,0,0,20240527,1 día,2023,11
"RN Sistema de Islas, Islotes y Puntas Guaneras",Islas Cavinza e Islotes Palomino,No especificado,No especificado,No especificado,0.0,EXTRANJERO,MENOR,20220831,46,0,0,20240527,1 día,2022,8
RN Pacaya-Samiria,Nauta Caño,LORETO,LORETO,PARINARI,160302.0,NACIONAL,ADULTO,20230731,52,0,0,20240527,1 día,2023,7
RN Tambopata,Sandoval,MADRE DE DIOS,TAMBOPATA,TAMBOPATA,170101.0,EXTRANJERO,INFANTE,20220930,1,0,0,20240527,1 día,2022,9
SN de Ampay,No especificado,APURIMAC,ABANCAY,TAMBURCO,30109.0,NACIONAL,ADULTO,20220930,32,0,0,20240527,1 día,2022,9
"RN Sistema de Islas, Islotes y Puntas Guaneras",Islas Ballestas,No especificado,No especificado,No especificado,0.0,NACIONAL,ADULTO,20221231,20172,0,0,20240527,1 día,2022,12
PN Huascarán,Ulta (Pico Mateo),ANCASH,HUARAZ,INDEPENDENCIA,20105.0,NACIONAL,ADULTO,20230331,0,65,0,20240527,2 a 3 días,2023,3
"RN Sistema de Islas, Islotes y Puntas Guaneras",Islas Ballestas,No especificado,No especificado,No especificado,0.0,NACIONAL,INFANTE,20230430,447,0,0,20240527,1 día,2023,4
"RN Sistema de Islas, Islotes y Puntas Guaneras",Isla Cavinzas e Islotes Palomino,No especificado,No especificado,No especificado,0.0,NACIONAL,ADULTO MAYOR,20220131,29,0,0,20240527,1 día,2022,1
RN de Junín,No especificado,JUNIN,No especificado,No especificado,0.0,NACIONAL,ADULTO,20230930,2,0,0,20240527,1 día,2023,9
SN Lagunas de Mejía,No especificado,AREQUIPA,ISLAY,DEAN VALDIVIA,40703.0,LOCAL,ADULTO,20231130,26,0,0,20240527,1 día,2023,11
RN del Titicaca,Uros Chulluni,PUNO,HUANCANE,HUANCANE,210601.0,NACIONAL,ADULTO,20230228,250,0,0,20240527,1 día,2023,2
SN los Manglares de Tumbes,No especificado,TUMBES,ZARUMILLA,ZARUMILLA,240301.0,NACIONAL,INFANTE,20220430,2,0,0,20240527,1 día,2022,4
SN Lagunas de Mejía,No especificado,AREQUIPA,ISLAY,DEAN VALDIVIA,40703.0,NACIONAL,INFANTE,20230531,1,0,0,20240527,1 día,2023,5
SN de Huayllay,No especificado,PASCO,PASCO,HUAYLLAY,190104.0,LOCAL,ADULTO,20220831,2951,0,0,20240527,1 día,2022,8
PN del Río Abiseo,No especificado,SAN MARTIN,MARISCAL CACERES,HUICUNGO,220603.0,EXTRANJERO,ADULTO,20230131,0,6,0,20240527,2 a 3 días,2023,1
SH Machupicchu,Ruta 03,CUSCO,URUBAMBA,MACHUPICCHU,81304.0,EXTRANJERO,ADULTO,20230930,0,0,56,20240527,3 a 30 días,2023,9
SN de Ampay,No especificado,APURIMAC,ABANCAY,TAMBURCO,30109.0,NACIONAL,ADULTO,20220331,34,0,0,20240527,1 día,2022,3
PN Yanachaga-Chemillén,Huampal,PASCO,OXAPAMPA,PALCAZU,190304.0,NACIONAL,ADULTO,20220228,22,2,0,20240527,1 día,2022,2
SH Bosque de Pomac,No especificado,LAMBAYEQUE,FERREÑAFE,PITIPO,140205.0,LOCAL,MENOR,20220731,342,0,0,20240527,1 día,2022,7
RN de Paracas,No especificado,ICA,No especificado,No especificado,0.0,LOCAL,MENOR,20231031,535,0,0,20240527,1 día,2023,10
PN Huascarán,Ulta (Pico Mateo),ANCASH,HUARAZ,INDEPENDENCIA,20105.0,NACIONAL,ADULTO,20231031,415,2,0,20240527,1 día,2023,10
RN Tambopata,Sandoval,MADRE DE DIOS,TAMBOPATA,TAMBOPATA,170101.0,NACIONAL,ADULTO,20220831,1289,41,0,20240527,1 día,2022,8
"RN Sistema de Islas, Islotes y Puntas Guaneras",Islas Cavinza e Islotes Palomino,No especificado,No especificado,No especificado,0.0,EXTRANJERO,MENOR,20220331,50,0,0,20240527,1 día,2022,3
RN Pacaya-Samiria,Nauta Caño,LORETO,LORETO,PARINARI,160302.0,EXTRANJERO,ADULTO,20230331,11,40,0,20240527,2 a 3 días,2023,3
SN de Calipuy,Mirador Puya Raimondi,LA LIBERTAD,SANTIAGO DE CHUCO,SANTIAGO DE CHUCO,131001.0,NACIONAL,ADULTO,20220630,101,0,1,20240527,1 día,2022,6
SN los Manglares de Tumbes,No especificado,TUMBES,ZARUMILLA,ZARUMILLA,240301.0,EXTRANJERO,ADULTO,20221231,10,0,0,20240527,1 día,2022,12
SH de la Pampa de Ayacucho,No especificado,AYACUCHO,HUAMANGA,QUINUA,50108.0,EXTRANJERO,MENOR,20220531,2,2,0,20240527,1 día,2022,5
RN de Lachay,No especificado,LIMA,HUAURA,HUACHO,150801.0,LOCAL,MENOR,20230430,8,0,0,20240527,1 día,2023,4
SN Lagunas de Mejía,No especificado,AREQUIPA,ISLAY,DEAN VALDIVIA,40703.0,NACIONAL,MENOR,20220430,7,0,0,20240527,1 día,2022,4
RN Pampa Galeras Barbara D' Achille,No especificado,AYACUCHO,LUCANAS,LUCANAS,50611.0,EXTRANJERO,ADULTO,20220131,13,0,0,20240527,1 día,2022,1
PN de Tingo María,Tres de Mayo,HUANUCO,LEONCIO PRADO,MARIANO DAMASO BERAUN,100606.0,NACIONAL,MENOR,20220831,10,0,0,20240527,1 día,2022,8
RN de Paracas,No especificado,ICA,No especificado,No especificado,0.0,EXTRANJERO,ADULTO,20220930,2323,0,0,20240527,1 día,2022,9
PN de Tingo María,Cueva de las Lechuzas,HUANUCO,LEONCIO PRADO,MARIANO DAMASO BERAUN,100606.0,NACIONAL,MENOR,20221130,826,0,0,20240527,1 día,2022,11
RN Pacaya-Samiria,Yanayacu,LORETO,LORETO,PARINARI,160302.0,NACIONAL,ADULTO,20230331,0,26,7,20240527,2 a 3 días,2023,3
"RN Sistema de Islas, Islotes y Puntas Guaneras",Punta Coles,No especificado,No especificado,No especificado,0.0,LOCAL,INFANTE,20220331,1,0,0,20240527,1 día,2022,3
RN del Titicaca,Uros Chulluni,PUNO,HUANCANE,HUANCANE,210601.0,NACIONAL,ADULTO,20230930,128,0,0,20240527,1 día,2023,9
PN del Manu,Río Manu,MADRE DE DIOS,MANU,MANU,170201.0,EXTRANJERO,ADULTO,20231031,12,83,14,20240527,2 a 3 días,2023,10
RN de Lachay,RNL,LIMA,HUAURA,HUACHO,150801.0,LOCAL,MENOR,20230331,12,0,0,20240527,1 día,2023,3
SH de la Pampa de Ayacucho,No especificado,AYACUCHO,HUAMANGA,QUINUA,50108.0,LOCAL,MENOR,20221130,2398,0,0,20240527,1 día,2022,11
ZR Sierra del Divisor,No especificado,UCAYALI,CORONEL PORTILLO,CALLERIA,250101.0,LOCAL,ADULTO MAYOR,20230531,1,0,0,20240527,1 día,2023,5
RN Pacaya-Samiria,Yanayacu,LORETO,LORETO,PARINARI,160302.0,NACIONAL,ADULTO,20220531,23,39,8,20240527,2 a 3 días,2022,5
RN de Lachay,RNL,LIMA,HUAURA,HUACHO,150801.0,NACIONAL,MENOR,20230131,60,0,0,20240527,1 día,2023,1
SN de Huayllay,No especificado,PASCO,PASCO,HUAYLLAY,190104.0,LOCAL,MENOR,20230930,1116,0,0,20240527,1 día,2023,9
RP Nor Yauyos-Cochas,Sureste,LIMA,YAUYOS,HUANCAYA,151014.0,NACIONAL,MENOR,20230531,19,55,0,20240527,2 a 3 días,2023,5
"RN Sistema de Islas, Islotes y Puntas Guaneras",Islas Guañape,No especificado,No especificado,No especificado,0.0,LOCAL,MENOR,20230228,5,0,0,20240527,1 día,2023,2
SN de Calipuy,Vizcacha,LA LIBERTAD,SANTIAGO DE CHUCO,SANTIAGO DE CHUCO,131001.0,NACIONAL,ADULTO,20230930,6,0,0,20240527,1 día,2023,9
RN Tambopata,Sandoval,MADRE DE DIOS,TAMBOPATA,TAMBOPATA,170101.0,LOCAL,ADULTO,20230531,10,0,0,20240527,1 día,2023,5
PN Huascarán,Quillcayhuanca,ANCASH,HUARAZ,INDEPENDENCIA,20105.0,EXTRANJERO,ADULTO,20221031,8,0,0,20240527,1 día,2022,10
RN del Titicaca,Titino,PUNO,HUANCANE,HUANCANE,210601.0,NACIONAL,ADULTO,20230331,10,0,0,20240527,1 día,2023,3
RN de Paracas,No especificado,ICA,No especificado,No especificado,0.0,NACIONAL,ADULTO,20230228,24651,0,0,20240527,1 día,2023,2
SH de la Pampa de Ayacucho,No especificado,AYACUCHO,HUAMANGA,QUINUA,50108.0,LOCAL,ADULTO MAYOR,20220731,262,0,0,20240527,1 día,2022,7
SH Bosque de Pomac,No especificado,LAMBAYEQUE,FERREÑAFE,PITIPO,140205.0,NACIONAL,ADULTO MAYOR,20220731,37,0,0,20240527,1 día,2022,7
RN del Titicaca,Titino,PUNO,HUANCANE,HUANCANE,210601.0,EXTRANJERO,ADULTO,20230531,105,0,0,20240527,1 día,2023,5
SH Machupicchu,Acceso Amazónico,CUSCO,URUBAMBA,MACHUPICCHU,81304.0,EXTRANJERO,MENOR,20230531,29,0,0,20240527,1 día,2023,5
RN Tambopata,Malinowsky,MADRE DE DIOS,TAMBOPATA,TAMBOPATA,170101.0,EXTRANJERO,ADULTO,20220731,679,53,207,20240527,1 día,2022,7
SH Machupicchu,Acceso Amazónico,CUSCO,URUBAMBA,MACHUPICCHU,81304.0,EXTRANJERO,INFANTE,20230430,2,0,0,20240527,1 día,2023,4
"RN Sistema de Islas, Islotes y Puntas Guaneras",Punta Coles,No especificado,No especificado,No especificado,0.0,LOCAL,ADULTO,20221031,36,0,0,20240527,1 día,2022,10
"RN Sistema de Islas, Islotes y Puntas Guaneras",Islas Ballestas,No especificado,No especificado,No especificado,0.0,LOCAL,ADULTO,20221231,665,0,0,20240527,1 día,2022,12
RN de Lachay,No especificado,LIMA,HUAURA,HUACHO,150801.0,LOCAL,MENOR,20221130,60,0,0,20240527,1 día,2022,11
PN Huascarán,Purhuay,ANCASH,HUARAZ,INDEPENDENCIA,20105.0,LOCAL,MENOR,20230228,59,0,0,20240527,1 día,2023,2
RVS Los Pantanos de Villa,No especificado,LIMA,LIMA,CHORRILLOS,150108.0,LOCAL,ADULTO MAYOR,20230131,26,0,0,20240527,1 día,2023,1
RP Nor Yauyos-Cochas,Sureste,LIMA,YAUYOS,HUANCAYA,151014.0,EXTRANJERO,ADULTO,20230731,68,106,0,20240527,2 a 3 días,2023,7
PN Huascarán,Carpa,ANCASH,HUARAZ,INDEPENDENCIA,20105.0,NACIONAL,ADULTO MAYOR,20230630,142,0,0,20240527,1 día,2023,6
PN de Tingo María,Tres de Mayo,HUANUCO,LEONCIO PRADO,MARIANO DAMASO BERAUN,100606.0,LOCAL,ADULTO,20220228,65,0,0,20240527,1 día,2022,2
PN Huascarán,Llaca,ANCASH,HUARAZ,INDEPENDENCIA,20105.0,EXTRANJERO,ADULTO,20220731,320,0,0,20240527,1 día,2022,7
PN Huascarán,Ulta,ANCASH,HUARAZ,INDEPENDENCIA,20105.0,LOCAL,ADULTO,20220731,1401,0,0,20240527,1 día,2022,7
SN de Ampay,No especificado,APURIMAC,ABANCAY,TAMBURCO,30109.0,EXTRANJERO,ADULTO,20230831,17,0,0,20240527,1 día,2023,8
PN Huascarán,Ulta,ANCASH,HUARAZ,INDEPENDENCIA,20105.0,NACIONAL,MENOR,20230630,71,0,0,20240527,1 día,2023,6
SN Lagunas de Mejía,No especificado,AREQUIPA,ISLAY,DEAN VALDIVIA,40703.0,NACIONAL,ADULTO MAYOR,20221031,6,0,0,20240527,1 día,2022,10
RN Tambopata,La Torre,MADRE DE DIOS,TAMBOPATA,TAMBOPATA,170101.0,EXTRANJERO,MENOR,20221130,4,0,0,20240527,1 día,2022,11
SH Machupicchu,Ruta 01,CUSCO,URUBAMBA,MACHUPICCHU,81304.0,EXTRANJERO,ADULTO,20221031,0,0,3927,20240527,3 a 30 días,2022,10
PN del Manu,Pusharo,MADRE DE DIOS,MANU,MANU,170201.0,NACIONAL,ADULTO,20221130,2,0,0,20240527,1 día,2022,11
"RN Sistema de Islas, Islotes y Puntas Guaneras",Islas Cavinza e Islotes Palomino,No especificado,No especificado,No especificado,0.0,NACIONAL,ADULTO,20231130,374,0,0,20240527,1 día,2023,11
"RN Sistema de Islas, Islotes y Puntas Guaneras",Islas Cavinza e Islotes Palomino,No especificado,No especificado,No especificado,0.0,EXTRANJERO,MENOR,20230930,13,0,0,20240527,1 día,2023,9
SH Machupicchu,RCI Ruta 14,CUSCO,URUBAMBA,MACHUPICCHU,81304.0,EXTRANJERO,ADULTO MAYOR,20231130,0,0,3,20240527,3 a 30 días,2023,11
RN Tambopata,Sandoval,MADRE DE DIOS,TAMBOPATA,TAMBOPATA,170101.0,NACIONAL,INFANTE,20221231,15,0,0,20240527,1 día,2022,12
SH Bosque de Pomac,No especificado,LAMBAYEQUE,FERREÑAFE,PITIPO,140205.0,LOCAL,ADULTO MAYOR,20220630,27,0,0,20240527,1 día,2022,6
RN de Paracas,No especificado,ICA,No especificado,No especificado,0.0,NACIONAL,INFANTE,20220731,242,0,0,20240527,1 día,2022,7
SH de la Pampa de Ayacucho,No especificado,AYACUCHO,HUAMANGA,QUINUA,50108.0,EXTRANJERO,ADULTO,20220531,101,101,0,20240527,1 día,2022,5
PN de Tingo María,Cueva de las Lechuzas,HUANUCO,LEONCIO PRADO,MARIANO DAMASO BERAUN,100606.0,EXTRANJERO,ADULTO,20221231,35,0,0,20240527,1 día,2022,12
SN Lagunas de Mejía,No especificado,AREQUIPA,ISLAY,DEAN VALDIVIA,40703.0,NACIONAL,ADULTO MAYOR,20220531,6,0,0,20240527,1 día,2022,5
ZR Sierra del Divisor,No especificado,UCAYALI,CORONEL PORTILLO,CALLERIA,250101.0,LOCAL,MENOR,20230331,79,0,0,20240527,1 día,2023,3
PN Huascarán,Llaca,ANCASH,HUARAZ,INDEPENDENCIA,20105.0,LOCAL,ADULTO,20231130,46,0,0,20240527,1 día,2023,11
SN Lagunas de Mejía,No especificado,AREQUIPA,ISLAY,DEAN VALDIVIA,40703.0,NACIONAL,ADULTO MAYOR,20230930,1,0,0,20240527,1 día,2023,9
SH Bosque de Pomac,No especificado,LAMBAYEQUE,FERREÑAFE,PITIPO,140205.0,NACIONAL,ADULTO,20221031,266,0,0,20240527,1 día,2022,10
RN del Titicaca,Uros Chulluni,PUNO,HUANCANE,HUANCANE,210601.0,EXTRANJERO,ADULTO,20231031,145,0,0,20240527,1 día,2023,10
SN de Calipuy,Mirador Puya Raimondi,LA LIBERTAD,SANTIAGO DE CHUCO,SANTIAGO DE CHUCO,131001.0,NACIONAL,ADULTO,20230731,12,19,0,20240527,2 a 3 días,2023,7
RN San Fernando,No especificado,ICA,NASCA,CHANGUILLO,110302.0,EXTRANJERO,ADULTO,20230831,16,0,0,20240527,1 día,2023,8
PN Huascarán,Llaca,ANCASH,HUARAZ,INDEPENDENCIA,20105.0,EXTRANJERO,ADULTO,20231130,67,55,0,20240527,1 día,2023,11
RN Pacaya-Samiria,Samiria,LORETO,LORETO,PARINARI,160302.0,EXTRANJERO,ADULTO MAYOR,20221130,36,32,0,20240527,1 día,2022,11
RN Tambopata,Malinowsky,MADRE DE DIOS,TAMBOPATA,TAMBOPATA,170101.0,EXTRANJERO,MENOR,20220630,63,9,16,20240527,1 día,2022,6
PN Huascarán,Ulta,ANCASH,HUARAZ,INDEPENDENCIA,20105.0,NACIONAL,ADULTO,20230430,1192,4,0,20240527,1 día,2023,4
RN Tambopata,Sandoval,MADRE DE DIOS,TAMBOPATA,TAMBOPATA,170101.0,EXTRANJERO,INFANTE,20230331,1,0,0,20240527,1 día,2023,3
BP Alto Mayo,Urcuchaqui,SAN MARTIN,RIOJA,PARDO MIGUEL,220805.0,LOCAL,ADULTO,20230731,59,0,0,20240527,1 día,2023,7
ZR Sierra del Divisor,No especificado,UCAYALI,CORONEL PORTILLO,CALLERIA,250101.0,NACIONAL,ADULTO,20220331,128,0,0,20240527,1 día,2022,3
ZR Sierra del Divisor,No especificado,UCAYALI,CORONEL PORTILLO,CALLERIA,250101.0,LOCAL,MENOR,20220531,60,0,0,20240527,1 día,2022,5
RN del Titicaca,Titino,PUNO,HUANCANE,HUANCANE,210601.0,EXTRANJERO,ADULTO,20231031,529,0,0,20240527,1 día,2023,10
RP Nor Yauyos-Cochas,No especificado,LIMA,YAUYOS,HUANCAYA,151014.0,EXTRANJERO,ADULTO,20220831,78,0,0,20240527,1 día,2022,8
PN Yanachaga-Chemillén,San Alberto,PASCO,OXAPAMPA,PALCAZU,190304.0,EXTRANJERO,ADULTO,20220331,4,0,0,20240527,1 día,2022,3
RVS Los Pantanos de Villa,No especificado,LIMA,LIMA,CHORRILLOS,150108.0,LOCAL,ADULTO,20221231,38,0,0,20240527,1 día,2022,12
PN Huascarán,Huaripampa,ANCASH,HUARAZ,INDEPENDENCIA,20105.0,EXTRANJERO,ADULTO,20230131,0,40,0,20240527,2 a 3 días,2023,1
SN de Ampay,Ruta única,APURIMAC,ABANCAY,TAMBURCO,30109.0,NACIONAL,MENOR,20220131,2,0,0,20240527,1 día,2022,1
RN Pacaya-Samiria,Tibilo,LORETO,LORETO,PARINARI,160302.0,EXTRANJERO,ADULTO,20220930,0,24,33,20240527,3 a 30 días,2022,9
SN de Calipuy,Mirador Puya Raimondi,LA LIBERTAD,SANTIAGO DE CHUCO,SANTIAGO DE CHUCO,131001.0,EXTRANJERO,ADULTO,20230731,1,0,0,20240527,1 día,2023,7
SH Machupicchu,Ruta 03,CUSCO,URUBAMBA,MACHUPICCHU,81304.0,EXTRANJERO,ADULTO,20230731,0,0,51,20240527,3 a 30 días,2023,7
RN Allpahuayo Mishana,Irapay,LORETO,MAYNAS,SAN JUAN BAUTISTA,160113.0,LOCAL,ADULTO,20230731,10,0,0,20240527,1 día,2023,7
"RN Sistema de Islas, Islotes y Puntas Guaneras",Islas Cavinza e Islotes Palomino,No especificado,No especificado,No especificado,0.0,EXTRANJERO,ADULTO,20220630,667,0,0,20240527,1 día,2022,6
PN Huascarán,Ulta (Pico Mateo),ANCASH,HUARAZ,INDEPENDENCIA,20105.0,EXTRANJERO,ADULTO,20230930,128,37,7,20240527,1 día,2023,9
SH Bosque de Pomac,No especificado,LAMBAYEQUE,FERREÑAFE,PITIPO,140205.0,NACIONAL,ADULTO MAYOR,20221031,32,0,0,20240527,1 día,2022,10
SH Bosque de Pomac,No especificado,LAMBAYEQUE,FERREÑAFE,PITIPO,140205.0,LOCAL,ADULTO MAYOR,20230731,13,0,0,20240527,1 día,2023,7
BP Alto Mayo,Ruta de las aves,SAN MARTIN,RIOJA,PARDO MIGUEL,220805.0,EXTRANJERO,ADULTO,20230630,17,0,0,20240527,1 día,2023,6
SH Machupicchu,Ruta 01,CUSCO,URUBAMBA,MACHUPICCHU,81304.0,EXTRANJERO,INFANTE,20220831,0,0,1,20240527,3 a 30 días,2022,8
RN Pacaya-Samiria,Yanayacu Pucate,LORETO,LORETO,PARINARI,160302.0,NACIONAL,MENOR,20221031,10,0,0,20240527,1 día,2022,10
RP Nor Yauyos-Cochas,Norte,LIMA,YAUYOS,HUANCAYA,151014.0,LOCAL,MENOR,20230430,48,0,0,20240527,1 día,2023,4
PN de Tingo María,Cueva de las Lechuzas,HUANUCO,LEONCIO PRADO,MARIANO DAMASO BERAUN,100606.0,LOCAL,INFANTE,20230731,531,0,0,20240527,1 día,2023,7
PN Huascarán,Llaca,ANCASH,HUARAZ,INDEPENDENCIA,20105.0,EXTRANJERO,MENOR,20230131,2,11,0,20240527,2 a 3 días,2023,1
"RN Sistema de Islas, Islotes y Puntas Guaneras",Islas Ballestas,No especificado,No especificado,No especificado,0.0,LOCAL,ADULTO,20230930,471,0,0,20240527,1 día,2023,9
RN Pacaya-Samiria,Yanayacu,LORETO,LORETO,PARINARI,160302.0,EXTRANJERO,ADULTO,20230331,10,130,23,20240527,2 a 3 días,2023,3
RN de Paracas,No especificado,ICA,No especificado,No especificado,0.0,LOCAL,INFANTE,20220131,523,0,0,20240527,1 día,2022,1
PN del Manu,Alto Andino,MADRE DE DIOS,MANU,MANU,170201.0,LOCAL,ADULTO,20220531,46,0,0,20240527,1 día,2022,5
RN de Paracas,No especificado,ICA,No especificado,No especificado,0.0,LOCAL,INFANTE,20230131,525,0,0,20240527,1 día,2023,1
SH de la Pampa de Ayacucho,No especificado,AYACUCHO,HUAMANGA,QUINUA,50108.0,LOCAL,MENOR,20221231,1301,0,0,20240527,1 día,2022,12
PN Huascarán,Carpa,ANCASH,HUARAZ,INDEPENDENCIA,20105.0,LOCAL,ADULTO,20230930,52,0,0,20240527,1 día,2023,9
RP Nor Yauyos-Cochas,Norte,LIMA,YAUYOS,HUANCAYA,151014.0,EXTRANJERO,ADULTO MAYOR,20230131,4,0,0,20240527,1 día,2023,1
PN del Manu,Río Manu,MADRE DE DIOS,MANU,MANU,170201.0,NACIONAL,ADULTO,20230430,0,7,0,20240527,2 a 3 días,2023,4
SH Bosque de Pomac,No especificado,LAMBAYEQUE,FERREÑAFE,PITIPO,140205.0,LOCAL,INFANTE,20230331,10,0,0,20240527,1 día,2023,3
PN Huascarán,Llanganuco,ANCASH,HUARAZ,INDEPENDENCIA,20105.0,NACIONAL,ADULTO,20220430,6326,6,1891,20240527,1 día,2022,4
PN Huascarán,Llanganuco,ANCASH,HUARAZ,INDEPENDENCIA,20105.0,NACIONAL,MENOR,20220430,752,0,0,20240527,1 día,2022,4
SN de Huayllay,No especificado,PASCO,PASCO,HUAYLLAY,190104.0,NACIONAL,ADULTO MAYOR,20230430,259,0,0,20240527,1 día,2023,4
RP Nor Yauyos-Cochas,Centro,LIMA,YAUYOS,HUANCAYA,151014.0,LOCAL,ADULTO MAYOR,20230731,18,26,0,20240527,2 a 3 días,2023,7
SH de Chacamarca,No especificado,JUNIN,JUNIN,JUNIN,120501.0,LOCAL,MENOR,20230831,5,0,0,20240527,1 día,2023,8
PN Yanachaga-Chemillén,Huampal,PASCO,OXAPAMPA,PALCAZU,190304.0,EXTRANJERO,ADULTO,20221231,3,4,0,20240527,2 a 3 días,2022,12
RN del Titicaca,Titino,PUNO,HUANCANE,HUANCANE,210601.0,NACIONAL,ADULTO,20230531,110,0,0,20240527,1 día,2023,5
SH Bosque de Pomac,No especificado,LAMBAYEQUE,FERREÑAFE,PITIPO,140205.0,LOCAL,ADULTO,20230228,303,0,0,20240527,1 día,2023,2
SH Machupicchu,Ruta 02,CUSCO,URUBAMBA,MACHUPICCHU,81304.0,EXTRANJERO,INFANTE,20230930,0,0,18,20240527,3 a 30 días,2023,9
RN Tambopata,La Torre,MADRE DE DIOS,TAMBOPATA,TAMBOPATA,170101.0,EXTRANJERO,MENOR,20230831,35,7,0,20240527,1 día,2023,8
RN de Lachay,RNL,LIMA,HUAURA,HUACHO,150801.0,NACIONAL,ADULTO,20230630,971,0,0,20240527,1 día,2023,6
SH Bosque de Pomac,No especificado,LAMBAYEQUE,FERREÑAFE,PITIPO,140205.0,NACIONAL,ADULTO MAYOR,20220930,20,0,0,20240527,1 día,2022,9
SN los Manglares de Tumbes,No especificado,TUMBES,ZARUMILLA,ZARUMILLA,240301.0,LOCAL,ADULTO,20220630,28,0,0,20240527,1 día,2022,6
RN Allpahuayo Mishana,Irapay,LORETO,MAYNAS,SAN JUAN BAUTISTA,160113.0,NACIONAL,ADULTO,20220831,7,0,0,20240527,1 día,2022,8
ZR Sierra del Divisor,No especificado,UCAYALI,CORONEL PORTILLO,CALLERIA,250101.0,EXTRANJERO,ADULTO,20230731,25,0,0,20240527,1 día,2023,7
RN Pacaya-Samiria,Yanayacu,LORETO,LORETO,PARINARI,160302.0,EXTRANJERO,MENOR,20220831,8,7,0,20240527,1 día,2022,8
"RN Sistema de Islas, Islotes y Puntas Guaneras",Punta Coles,No especificado,No especificado,No especificado,0.0,LOCAL,ADULTO,20220731,61,0,0,20240527,1 día,2022,7
SN Lagunas de Mejía,No especificado,AREQUIPA,ISLAY,DEAN VALDIVIA,40703.0,LOCAL,ADULTO MAYOR,20230430,9,0,0,20240527,1 día,2023,4
"RN Sistema de Islas, Islotes y Puntas Guaneras",Islas Ballestas,No especificado,No especificado,No especificado,0.0,NACIONAL,MENOR,20231130,7571,0,0,20240527,1 día,2023,11
RN Tambopata,Malinowsky,MADRE DE DIOS,TAMBOPATA,TAMBOPATA,170101.0,LOCAL,ADULTO,20230930,3,0,0,20240527,1 día,2023,9
RVS Los Pantanos de Villa,No especificado,LIMA,LIMA,CHORRILLOS,150108.0,NACIONAL,ADULTO MAYOR,20230531,130,0,0,20240527,1 día,2023,5
RN Tambopata,Sandoval,MADRE DE DIOS,TAMBOPATA,TAMBOPATA,170101.0,EXTRANJERO,ADULTO MAYOR,20230228,13,0,0,20240527,1 día,2023,2
PN Huascarán,Llanganuco,ANCASH,HUARAZ,INDEPENDENCIA,20105.0,EXTRANJERO,ADULTO MAYOR,20230831,11,6,0,20240527,1 día,2023,8
RN de Paracas,No especificado,ICA,No especificado,No especificado,0.0,NACIONAL,ADULTO MAYOR,20220131,724,0,0,20240527,1 día,2022,1
RN de Lachay,No especificado,LIMA,HUAURA,HUACHO,150801.0,NACIONAL,MENOR,20230430,103,0,0,20240527,1 día,2023,4
PN del Manu,Río Manu,MADRE DE DIOS,MANU,MANU,170201.0,EXTRANJERO,ADULTO,20220331,0,21,0,20240527,2 a 3 días,2022,3
RN San Fernando,No especificado,ICA,NASCA,CHANGUILLO,110302.0,EXTRANJERO,ADULTO,20220131,19,0,0,20240527,1 día,2022,1
PN de Tingo María,Cueva de las Lechuzas,HUANUCO,LEONCIO PRADO,MARIANO DAMASO BERAUN,100606.0,LOCAL,MENOR,20220930,896,0,0,20240527,1 día,2022,9
SH Machupicchu,Acceso Amazónico,CUSCO,URUBAMBA,MACHUPICCHU,81304.0,NACIONAL,ADULTO,20231031,983,0,0,20240527,1 día,2023,10
SH de la Pampa de Ayacucho,No especificado,AYACUCHO,HUAMANGA,QUINUA,50108.0,EXTRANJERO,ADULTO,20221031,109,0,0,20240527,1 día,2022,10
RN de Paracas,No especificado,ICA,No especificado,No especificado,0.0,EXTRANJERO,ADULTO,20230630,3727,0,0,20240527,1 día,2023,6
SH Machupicchu,Acceso Amazónico,CUSCO,URUBAMBA,MACHUPICCHU,81304.0,NACIONAL,ADULTO,20231130,818,0,0,20240527,1 día,2023,11
RN de Lachay,No especificado,LIMA,HUAURA,HUACHO,150801.0,NACIONAL,ADULTO,20220131,515,0,0,20240527,1 día,2022,1
PN de Cutervo,No especificado,CAJAMARCA,CUTERVO,SANTO DOMINGO DE LA CAPILLA,60612.0,NACIONAL,ADULTO,20230131,2,0,0,20240527,1 día,2023,1
PN del Río Abiseo,No especificado,SAN MARTIN,MARISCAL CACERES,HUICUNGO,220603.0,EXTRANJERO,ADULTO,20220930,0,1,0,20240527,2 a 3 días,2022,9
SN Pampa Hermosa,No especificado,JUNIN,CHANCHAMAYO,CHANCHAMAYO,120301.0,LOCAL,MENOR,20220731,7,0,0,20240527,1 día,2022,7
SN de Ampay,No especificado,APURIMAC,ABANCAY,TAMBURCO,30109.0,LOCAL,ADULTO MAYOR,20230331,2,0,0,20240527,1 día,2023,3
PN del Manu,Alto Andino,MADRE DE DIOS,MANU,MANU,170201.0,LOCAL,ADULTO,20230531,103,0,0,20240527,1 día,2023,5
RN de Paracas,No especificado,ICA,No especificado,No especificado,0.0,EXTRANJERO,ADULTO,20220831,5003,0,0,20240527,1 día,2022,8
PN del Manu,Río Manu,MADRE DE DIOS,MANU,MANU,170201.0,LOCAL,ADULTO,20221031,3,0,0,20240527,1 día,2022,10
PN de Tingo María,Cueva de las Lechuzas,HUANUCO,LEONCIO PRADO,MARIANO DAMASO BERAUN,100606.0,NACIONAL,MENOR,20220630,929,0,0,20240527,1 día,2022,6
RN Pampa Galeras Barbara D' Achille,No especificado,AYACUCHO,LUCANAS,LUCANAS,50611.0,LOCAL,MENOR,20220630,2,0,0,20240527,1 día,2022,6
PN del Río Abiseo,No especificado,SAN MARTIN,MARISCAL CACERES,HUICUNGO,220603.0,EXTRANJERO,ADULTO,20220831,0,1,0,20240527,2 a 3 días,2022,8
RVS Los Pantanos de Villa,No especificado,LIMA,LIMA,CHORRILLOS,150108.0,NACIONAL,ADULTO,20220731,3519,0,0,20240527,1 día,2022,7
RN de Paracas,No especificado,ICA,No especificado,No especificado,0.0,LOCAL,ADULTO MAYOR,20221231,1410,0,0,20240527,1 día,2022,12
RN Pacaya-Samiria,Nauta Caño,LORETO,LORETO,PARINARI,160302.0,NACIONAL,ADULTO MAYOR,20220228,4,7,0,20240527,2 a 3 días,2022,2
SN Lagunas de Mejía,No especificado,AREQUIPA,ISLAY,DEAN VALDIVIA,40703.0,LOCAL,ADULTO,20230131,91,0,0,20240527,1 día,2023,1
RP Nor Yauyos-Cochas,Norte,LIMA,YAUYOS,HUANCAYA,151014.0,EXTRANJERO,ADULTO,20230731,207,0,0,20240527,1 día,2023,7
RN de Lachay,No especificado,LIMA,HUAURA,HUACHO,150801.0,EXTRANJERO,ADULTO,20221031,31,0,0,20240527,1 día,2022,10
PN Huascarán,Llanganuco (Laguna 69),ANCASH,HUARAZ,INDEPENDENCIA,20105.0,LOCAL,ADULTO,20230331,52,0,0,20240527,1 día,2023,3
ZR Sierra del Divisor,No especificado,UCAYALI,CORONEL PORTILLO,CALLERIA,250101.0,NACIONAL,ADULTO,20230131,41,0,0,20240527,1 día,2023,1
SH de la Pampa de Ayacucho,No especificado,AYACUCHO,HUAMANGA,QUINUA,50108.0,NACIONAL,ADULTO,20230831,7506,0,0,20240527,1 día,2023,8
SH de la Pampa de Ayacucho,No especificado,AYACUCHO,HUAMANGA,QUINUA,50108.0,NACIONAL,INFANTE,20230731,167,0,0,20240527,1 día,2023,7
RP Nor Yauyos-Cochas,Centro,LIMA,YAUYOS,HUANCAYA,151014.0,EXTRANJERO,ADULTO,20230531,0,67,0,20240527,2 a 3 días,2023,5
RN de Paracas,No especificado,ICA,No especificado,No especificado,0.0,LOCAL,MENOR,20220731,1359,0,0,20240527,1 día,2022,7
RP Nor Yauyos-Cochas,Centro,LIMA,YAUYOS,HUANCAYA,151014.0,EXTRANJERO,ADULTO,20230731,49,776,0,20240527,2 a 3 días,2023,7
"RN Sistema de Islas, Islotes y Puntas Guaneras",Punta Coles,No especificado,No especificado,No especificado,0.0,NACIONAL,ADULTO MAYOR,20230731,1,0,0,20240527,1 día,2023,7
PN Yanachaga-Chemillén,San Alberto,PASCO,OXAPAMPA,PALCAZU,190304.0,NACIONAL,MENOR,20220228,1,0,0,20240527,1 día,2022,2
PN Huascarán,Cashapampa,ANCASH,HUARAZ,INDEPENDENCIA,20105.0,EXTRANJERO,ADULTO,20230531,62,0,0,20240527,1 día,2023,5
PN Huascarán,Churup,ANCASH,HUARAZ,INDEPENDENCIA,20105.0,EXTRANJERO,ADULTO,20221031,910,0,0,20240527,1 día,2022,10
SN de Huayllay,No especificado,PASCO,PASCO,HUAYLLAY,190104.0,NACIONAL,ADULTO MAYOR,20221031,99,0,0,20240527,1 día,2022,10
RN Tambopata,Malinowsky,MADRE DE DIOS,TAMBOPATA,TAMBOPATA,170101.0,EXTRANJERO,ADULTO MAYOR,20220731,20,0,14,20240527,1 día,2022,7
"RN Sistema de Islas, Islotes y Puntas Guaneras",Isla Ballestas,No especificado,No especificado,No especificado,0.0,NACIONAL,ADULTO,20220228,46835,0,0,20240527,1 día,2022,2
RN Tambopata,La Torre,MADRE DE DIOS,TAMBOPATA,TAMBOPATA,170101.0,EXTRANJERO,MENOR,20231130,3,0,0,20240527,1 día,2023,11
"RN Sistema de Islas, Islotes y Puntas Guaneras",Punta San Juan,No especificado,No especificado,No especificado,0.0,LOCAL,ADULTO,20220131,16,0,0,20240527,1 día,2022,1
RN Tambopata,Sandoval,MADRE DE DIOS,TAMBOPATA,TAMBOPATA,170101.0,NACIONAL,INFANTE,20220228,31,0,0,20240527,1 día,2022,2
PN de Tingo María,Tres de Mayo,HUANUCO,LEONCIO PRADO,MARIANO DAMASO BERAUN,100606.0,NACIONAL,ADULTO,20230430,24,0,0,20240527,1 día,2023,4
SN Lagunas de Mejía,No especificado,AREQUIPA,ISLAY,DEAN VALDIVIA,40703.0,LOCAL,INFANTE,20230131,4,0,0,20240527,1 día,2023,1
SN de Huayllay,No especificado,PASCO,PASCO,HUAYLLAY,190104.0,LOCAL,INFANTE,20230930,85,0,0,20240527,1 día,2023,9
SN de Huayllay,No especificado,PASCO,PASCO,HUAYLLAY,190104.0,EXTRANJERO,ADULTO MAYOR,20221031,2,0,0,20240527,1 día,2022,10
PN Huascarán,Churup,ANCASH,HUARAZ,INDEPENDENCIA,20105.0,EXTRANJERO,ADULTO,20231031,0,232,32,20240527,2 a 3 días,2023,10
PN del Manu,Alto Andino,MADRE DE DIOS,MANU,MANU,170201.0,NACIONAL,ADULTO,20220331,1,0,0,20240527,1 día,2022,3
"RN Sistema de Islas, Islotes y Puntas Guaneras",Punta Coles,No especificado,No especificado,No especificado,0.0,LOCAL,MENOR,20220531,165,0,0,20240527,1 día,2022,5
RN San Fernando,No especificado,ICA,NASCA,CHANGUILLO,110302.0,EXTRANJERO,ADULTO,20221130,31,0,0,20240527,1 día,2022,11
PN Huascarán,Llaca,ANCASH,HUARAZ,INDEPENDENCIA,20105.0,EXTRANJERO,ADULTO,20220430,40,35,7,20240527,1 día,2022,4
RN de Paracas,No especificado,ICA,No especificado,No especificado,0.0,NACIONAL,ADULTO MAYOR,20220731,342,0,0,20240527,1 día,2022,7
PN Yanachaga-Chemillén,San Alberto,PASCO,OXAPAMPA,PALCAZU,190304.0,NACIONAL,MENOR,20230430,5,0,0,20240527,1 día,2023,4
PN Yanachaga-Chemillén,San Alberto,PASCO,OXAPAMPA,PALCAZU,190304.0,NACIONAL,MENOR,20220131,1,0,0,20240527,1 día,2022,1
SH Bosque de Pomac,No especificado,LAMBAYEQUE,FERREÑAFE,PITIPO,140205.0,NACIONAL,ADULTO,20220531,156,0,0,20240527,1 día,2022,5
RN Tambopata,Sandoval,MADRE DE DIOS,TAMBOPATA,TAMBOPATA,170101.0,EXTRANJERO,ADULTO,20230131,464,13,0,20240527,1 día,2023,1
PN Huascarán,Purhuay,ANCASH,HUARAZ,INDEPENDENCIA,20105.0,NACIONAL,ADULTO,20230228,75,0,0,20240527,1 día,2023,2
PN Yanachaga-Chemillén,San Alberto,PASCO,OXAPAMPA,PALCAZU,190304.0,LOCAL,ADULTO,20230731,40,3,0,20240527,1 día,2023,7
RN Tambopata,Sandoval,MADRE DE DIOS,TAMBOPATA,TAMBOPATA,170101.0,NACIONAL,ADULTO,20221130,825,22,1,20240527,1 día,2022,11
RN de Paracas,No especificado,ICA,No especificado,No especificado,0.0,NACIONAL,ADULTO MAYOR,20230531,1016,0,0,20240527,1 día,2023,5
PN del Río Abiseo,No especificado,SAN MARTIN,MARISCAL CACERES,HUICUNGO,220603.0,NACIONAL,ADULTO,20230831,19,28,0,20240527,2 a 3 días,2023,8
RN Tambopata,Malinowsky,MADRE DE DIOS,TAMBOPATA,TAMBOPATA,170101.0,NACIONAL,ADULTO MAYOR,20230630,6,0,0,20240527,1 día,2023,6
SH de Chacamarca,No especificado,JUNIN,JUNIN,JUNIN,120501.0,NACIONAL,ADULTO,20220228,5,0,0,20240527,1 día,2022,2
PN Huascarán,Churup,ANCASH,HUARAZ,INDEPENDENCIA,20105.0,EXTRANJERO,ADULTO,20230630,543,43,58,20240527,1 día,2023,6
PN de Tingo María,Tres de Mayo,HUANUCO,LEONCIO PRADO,MARIANO DAMASO BERAUN,100606.0,LOCAL,MENOR,20220831,66,0,0,20240527,1 día,2022,8
SN de Huayllay,No especificado,PASCO,PASCO,HUAYLLAY,190104.0,LOCAL,INFANTE,20221031,50,0,0,20240527,1 día,2022,10
SH Bosque de Pomac,No especificado,LAMBAYEQUE,FERREÑAFE,PITIPO,140205.0,NACIONAL,ADULTO MAYOR,20231130,21,0,0,20240527,1 día,2023,11
PN de Tingo María,Cueva de las Lechuzas,HUANUCO,LEONCIO PRADO,MARIANO DAMASO BERAUN,100606.0,LOCAL,ADULTO,20230228,3117,0,0,20240527,1 día,2023,2
PN Huascarán,Cashapampa,ANCASH,HUARAZ,INDEPENDENCIA,20105.0,EXTRANJERO,ADULTO,20220331,22,0,0,20240527,1 día,2022,3
RN de Paracas,No especificado,ICA,No especificado,No especificado,0.0,LOCAL,ADULTO,20231031,5952,0,0,20240527,1 día,2023,10
PN Yanachaga-Chemillén,Huampal,PASCO,OXAPAMPA,PALCAZU,190304.0,LOCAL,ADULTO,20220331,0,2,0,20240527,2 a 3 días,2022,3
"RN Sistema de Islas, Islotes y Puntas Guaneras",Punta Coles,No especificado,No especificado,No especificado,0.0,NACIONAL,ADULTO MAYOR,20220430,6,0,0,20240527,1 día,2022,4
RP Nor Yauyos-Cochas,Norte,LIMA,YAUYOS,HUANCAYA,151014.0,EXTRANJERO,ADULTO,20230930,46,0,0,20240527,1 día,2023,9
RP Nor Yauyos-Cochas,Noroeste,LIMA,YAUYOS,HUANCAYA,151014.0,LOCAL,ADULTO,20230831,0,39,0,20240527,2 a 3 días,2023,8
RN de Lachay,No especificado,LIMA,HUAURA,HUACHO,150801.0,EXTRANJERO,ADULTO,20220630,19,0,0,20240527,1 día,2022,6
"RN Sistema de Islas, Islotes y Puntas Guaneras",Punta Coles,No especificado,No especificado,No especificado,0.0,LOCAL,INFANTE,20220228,3,0,0,20240527,1 día,2022,2
PN del Manu,Alto Andino,MADRE DE DIOS,MANU,MANU,170201.0,LOCAL,ADULTO,20221130,13,0,0,20240527,1 día,2022,11
PN Yanachaga-Chemillén,Huampal,PASCO,OXAPAMPA,PALCAZU,190304.0,EXTRANJERO,ADULTO,20220731,0,2,0,20240527,2 a 3 días,2022,7
"RN Sistema de Islas, Islotes y Puntas Guaneras",Islas Cavinza e Islotes Palomino,No especificado,No especificado,No especificado,0.0,EXTRANJERO,INFANTE,20220731,1,0,0,20240527,1 día,2022,7
BP Alto Mayo,Ruta de las aves,SAN MARTIN,RIOJA,PARDO MIGUEL,220805.0,NACIONAL,ADULTO MAYOR,20230331,3,0,0,20240527,1 día,2023,3
"RN Sistema de Islas, Islotes y Puntas Guaneras",Islas Cavinza e Islotes Palomino,No especificado,No especificado,No especificado,0.0,NACIONAL,MENOR,20220630,9,0,0,20240527,1 día,2022,6
RN del Titicaca,Titino,PUNO,HUANCANE,HUANCANE,210601.0,NACIONAL,ADULTO,20230630,89,0,0,20240527,1 día,2023,6
RN Tambopata,Sandoval,MADRE DE DIOS,TAMBOPATA,TAMBOPATA,170101.0,EXTRANJERO,MENOR,20220831,301,13,3,20240527,1 día,2022,8
RN Pacaya-Samiria,Pacaya,LORETO,LORETO,PARINARI,160302.0,EXTRANJERO,ADULTO MAYOR,20220430,19,0,0,20240527,1 día,2022,4
RN Tambopata,La Torre,MADRE DE DIOS,TAMBOPATA,TAMBOPATA,170101.0,EXTRANJERO,MENOR,20230731,30,19,0,20240527,1 día,2023,7
SN los Manglares de Tumbes,No especificado,TUMBES,ZARUMILLA,ZARUMILLA,240301.0,NACIONAL,ADULTO,20220430,101,0,0,20240527,1 día,2022,4
SH de la Pampa de Ayacucho,No especificado,AYACUCHO,HUAMANGA,QUINUA,50108.0,EXTRANJERO,ADULTO MAYOR,20220331,1,0,0,20240527,1 día,2022,3
SN de Huayllay,No especificado,PASCO,PASCO,HUAYLLAY,190104.0,NACIONAL,INFANTE,20230531,77,0,0,20240527,1 día,2023,5
ZR Sierra del Divisor,No especificado,UCAYALI,CORONEL PORTILLO,CALLERIA,250101.0,LOCAL,ADULTO MAYOR,20230930,17,0,0,20240527,1 día,2023,9
RP Nor Yauyos-Cochas,Norte,LIMA,YAUYOS,HUANCAYA,151014.0,LOCAL,ADULTO,20230430,247,0,0,20240527,1 día,2023,4
PN Huascarán,Ulta,ANCASH,HUARAZ,INDEPENDENCIA,20105.0,LOCAL,ADULTO MAYOR,20230131,35,0,0,20240527,1 día,2023,1
PN Yanachaga-Chemillén,San Alberto,PASCO,OXAPAMPA,PALCAZU,190304.0,NACIONAL,INFANTE,20220831,3,0,0,20240527,1 día,2022,8
RN Pacaya-Samiria,Samiria,LORETO,LORETO,PARINARI,160302.0,NACIONAL,ADULTO MAYOR,20221031,0,1,0,20240527,2 a 3 días,2022,10
RN de Lachay,No especificado,LIMA,HUAURA,HUACHO,150801.0,LOCAL,ADULTO MAYOR,20220430,2,0,0,20240527,1 día,2022,4
PN del Manu,Alto Andino,MADRE DE DIOS,MANU,MANU,170201.0,LOCAL,ADULTO,20221031,32,0,0,20240527,1 día,2022,10
SH de la Pampa de Ayacucho,No especificado,AYACUCHO,HUAMANGA,QUINUA,50108.0,NACIONAL,MENOR,20230930,520,0,0,20240527,1 día,2023,9
SH Bosque de Pomac,No especificado,LAMBAYEQUE,FERREÑAFE,PITIPO,140205.0,NACIONAL,INFANTE,20230228,15,0,0,20240527,1 día,2023,2
PN del Manu,Alto Andino,MADRE DE DIOS,MANU,MANU,170201.0,NACIONAL,ADULTO,20220630,30,0,0,20240527,1 día,2022,6
RN Pacaya-Samiria,Yanayacu,LORETO,LORETO,PARINARI,160302.0,LOCAL,ADULTO,20230831,0,3,0,20240527,2 a 3 días,2023,8
PN del Manu,Alto Andino,MADRE DE DIOS,MANU,MANU,170201.0,EXTRANJERO,ADULTO,20230531,13,0,0,20240527,1 día,2023,5
PN de Tingo María,Tres de Mayo,HUANUCO,LEONCIO PRADO,MARIANO DAMASO BERAUN,100606.0,LOCAL,MENOR,20220430,2,0,0,20240527,1 día,2022,4
SH Machupicchu,Acceso Amazónico,CUSCO,URUBAMBA,MACHUPICCHU,81304.0,EXTRANJERO,MENOR,20230131,49,0,0,20240527,1 día,2023,1
RP Nor Yauyos-Cochas,Centro,LIMA,YAUYOS,HUANCAYA,151014.0,NACIONAL,ADULTO,20230131,137,630,0,20240527,2 a 3 días,2023,1
RVS Laquipampa,Lajas,LAMBAYEQUE,FERREÑAFE,INCAHUASI,140203.0,NACIONAL,MENOR,20230831,4,0,0,20240527,1 día,2023,8
SH Bosque de Pomac,No especificado,LAMBAYEQUE,FERREÑAFE,PITIPO,140205.0,LOCAL,INFANTE,20220228,31,0,0,20240527,1 día,2022,2
PN Huascarán,Ulta,ANCASH,HUARAZ,INDEPENDENCIA,20105.0,NACIONAL,ADULTO,20221031,286,0,0,20240527,1 día,2022,10
PN del Manu,Alto Andino,MADRE DE DIOS,MANU,MANU,170201.0,EXTRANJERO,ADULTO,20220930,3,0,0,20240527,1 día,2022,9
RVS Los Pantanos de Villa,No especificado,LIMA,LIMA,CHORRILLOS,150108.0,LOCAL,ADULTO,20230228,270,0,0,20240527,1 día,2023,2
PN Huascarán,Carpa,ANCASH,HUARAZ,INDEPENDENCIA,20105.0,EXTRANJERO,ADULTO,20220331,378,0,0,20240527,1 día,2022,3
PN Yanachaga-Chemillén,San Alberto,PASCO,OXAPAMPA,PALCAZU,190304.0,LOCAL,MENOR,20231130,19,0,0,20240527,1 día,2023,11
PN del Manu,Río Manu,MADRE DE DIOS,MANU,MANU,170201.0,NACIONAL,ADULTO,20220731,0,9,0,20240527,2 a 3 días,2022,7
SH Machupicchu,RCI Ruta 10,CUSCO,URUBAMBA,MACHUPICCHU,81304.0,EXTRANJERO,MENOR,20231130,0,1,0,20240527,2 a 3 días,2023,11
PN del Manu,Río Manu,MADRE DE DIOS,MANU,MANU,170201.0,NACIONAL,ADULTO,20220131,0,1,0,20240527,2 a 3 días,2022,1
SN Lagunas de Mejía,No especificado,AREQUIPA,ISLAY,DEAN VALDIVIA,40703.0,LOCAL,MENOR,20220731,30,0,0,20240527,1 día,2022,7
RN de Paracas,No especificado,ICA,No especificado,No especificado,0.0,LOCAL,ADULTO,20221231,7192,0,0,20240527,1 día,2022,12
"RN Sistema de Islas, Islotes y Puntas Guaneras",Punta Coles,No especificado,No especificado,No especificado,0.0,LOCAL,MENOR,20230930,69,0,0,20240527,1 día,2023,9
PN Huascarán,Llanganuco,ANCASH,HUARAZ,INDEPENDENCIA,20105.0,EXTRANJERO,ADULTO,20230430,800,212,9,20240527,1 día,2023,4
SH de la Pampa de Ayacucho,No especificado,AYACUCHO,HUAMANGA,QUINUA,50108.0,NACIONAL,ADULTO,20220930,6553,0,0,20240527,1 día,2022,9
RN de Paracas,No especificado,ICA,No especificado,No especificado,0.0,NACIONAL,ADULTO,20221031,8145,0,0,20240527,1 día,2022,10
SH de la Pampa de Ayacucho,No especificado,AYACUCHO,HUAMANGA,QUINUA,50108.0,NACIONAL,MENOR,20230731,2070,0,0,20240527,1 día,2023,7
SH Machupicchu,RCI Ruta 09,CUSCO,URUBAMBA,MACHUPICCHU,81304.0,EXTRANJERO,INFANTE,20231130,0,55,0,20240527,2 a 3 días,2023,11
PN de Tingo María,Quinceañera,HUANUCO,LEONCIO PRADO,MARIANO DAMASO BERAUN,100606.0,NACIONAL,ADULTO,20220331,64,0,0,20240527,1 día,2022,3
SH Machupicchu,"Ruta 1,2,3",CUSCO,URUBAMBA,MACHUPICCHU,81304.0,EXTRANJERO,ADULTO,20220131,0,0,626,20240527,3 a 30 días,2022,1
PN Huascarán,Carpa,ANCASH,HUARAZ,INDEPENDENCIA,20105.0,EXTRANJERO,ADULTO,20230630,302,42,13,20240527,1 día,2023,6
RN Tambopata,La Torre,MADRE DE DIOS,TAMBOPATA,TAMBOPATA,170101.0,EXTRANJERO,ADULTO MAYOR,20220831,12,2,0,20240527,1 día,2022,8
SN de Huayllay,No especificado,PASCO,PASCO,HUAYLLAY,190104.0,NACIONAL,ADULTO,20230228,1501,0,0,20240527,1 día,2023,2
SH Machupicchu,Acceso Amazónico,CUSCO,URUBAMBA,MACHUPICCHU,81304.0,EXTRANJERO,INFANTE,20230531,303,0,0,20240527,1 día,2023,5
SH de la Pampa de Ayacucho,No especificado,AYACUCHO,HUAMANGA,QUINUA,50108.0,LOCAL,INFANTE,20230531,42,0,0,20240527,1 día,2023,5
SH Bosque de Pomac,No especificado,LAMBAYEQUE,FERREÑAFE,PITIPO,140205.0,EXTRANJERO,ADULTO,20220331,27,0,0,20240527,1 día,2022,3
RN Pacaya-Samiria,Yanayacu,LORETO,LORETO,PARINARI,160302.0,NACIONAL,ADULTO,20231031,32,33,7,20240527,2 a 3 días,2023,10
RN del Titicaca,Chimu,PUNO,HUANCANE,HUANCANE,210601.0,NACIONAL,ADULTO,20220331,2,0,0,20240527,1 día,2022,3
RN Allpahuayo Mishana,Yarana,LORETO,MAYNAS,SAN JUAN BAUTISTA,160113.0,EXTRANJERO,ADULTO,20220331,0,9,0,20240527,2 a 3 días,2022,3
SN Lagunas de Mejía,No especificado,AREQUIPA,ISLAY,DEAN VALDIVIA,40703.0,LOCAL,ADULTO,20230731,86,0,0,20240527,1 día,2023,7
ZR Sierra del Divisor,No especificado,UCAYALI,CORONEL PORTILLO,CALLERIA,250101.0,LOCAL,ADULTO,20230228,630,0,0,20240527,1 día,2023,2
RN Pacaya-Samiria,Yanayacu,LORETO,LORETO,PARINARI,160302.0,NACIONAL,ADULTO,20220131,43,27,3,20240527,1 día,2022,1
RN de Paracas,No especificado,ICA,No especificado,No especificado,0.0,LOCAL,ADULTO MAYOR,20230630,161,0,0,20240527,1 día,2023,6
RN del Titicaca,Titino,PUNO,HUANCANE,HUANCANE,210601.0,NACIONAL,ADULTO,20230930,383,0,0,20240527,1 día,2023,9
"RN Sistema de Islas, Islotes y Puntas Guaneras",Islas Guañape,No especificado,No especificado,No especificado,0.0,LOCAL,MENOR,20230430,11,0,0,20240527,1 día,2023,4
PN Huascarán,Llanganuco (Laguna 69),ANCASH,HUARAZ,INDEPENDENCIA,20105.0,EXTRANJERO,ADULTO,20230531,11,0,0,20240527,1 día,2023,5
SN de Huayllay,No especificado,PASCO,PASCO,HUAYLLAY,190104.0,EXTRANJERO,ADULTO,20230731,30,0,0,20240527,1 día,2023,7
RN Pacaya-Samiria,Tibilo,LORETO,LORETO,PARINARI,160302.0,EXTRANJERO,ADULTO,20231031,0,17,6,20240527,2 a 3 días,2023,10
RN Tambopata,Sandoval,MADRE DE DIOS,TAMBOPATA,TAMBOPATA,170101.0,LOCAL,ADULTO,20220430,7,0,0,20240527,1 día,2022,4
RN Pacaya-Samiria,Yanayacu,LORETO,LORETO,PARINARI,160302.0,NACIONAL,ADULTO,20230930,1,25,12,20240527,2 a 3 días,2023,9
PN del Río Abiseo,No especificado,SAN MARTIN,MARISCAL CACERES,HUICUNGO,220603.0,EXTRANJERO,ADULTO MAYOR,20230731,0,3,0,20240527,2 a 3 días,2023,7
PN de Cutervo,No especificado,CAJAMARCA,CUTERVO,SANTO DOMINGO DE LA CAPILLA,60612.0,NACIONAL,MENOR,20230131,2,0,0,20240527,1 día,2023,1
RN Tambopata,Sandoval,MADRE DE DIOS,TAMBOPATA,TAMBOPATA,170101.0,LOCAL,ADULTO,20230131,7,0,0,20240527,1 día,2023,1
SH Machupicchu,"Ruta 1,2,3 y 5",CUSCO,URUBAMBA,MACHUPICCHU,81304.0,EXTRANJERO,INFANTE,20220531,0,0,3,20240527,3 a 30 días,2022,5
SH de la Pampa de Ayacucho,No especificado,AYACUCHO,HUAMANGA,QUINUA,50108.0,LOCAL,ADULTO MAYOR,20230930,204,0,0,20240527,1 día,2023,9
PN Huascarán,Churup,ANCASH,HUARAZ,INDEPENDENCIA,20105.0,LOCAL,ADULTO,20230331,87,0,0,20240527,1 día,2023,3
PN del Río Abiseo,No especificado,SAN MARTIN,MARISCAL CACERES,HUICUNGO,220603.0,NACIONAL,ADULTO,20220331,0,16,7,20240527,2 a 3 días,2022,3
SH Bosque de Pomac,No especificado,LAMBAYEQUE,FERREÑAFE,PITIPO,140205.0,NACIONAL,ADULTO,20230731,68,0,0,20240527,1 día,2023,7
RN de Lachay,No especificado,LIMA,HUAURA,HUACHO,150801.0,EXTRANJERO,ADULTO,20220131,15,0,0,20240527,1 día,2022,1
RVS Los Pantanos de Villa,No especificado,LIMA,LIMA,CHORRILLOS,150108.0,EXTRANJERO,ADULTO,20230430,51,0,0,20240527,1 día,2023,4
PN Huascarán,Llanganuco (Laguna 69),ANCASH,HUARAZ,INDEPENDENCIA,20105.0,LOCAL,ADULTO,20230831,175,0,0,20240527,1 día,2023,8
RN San Fernando,No especificado,ICA,NASCA,CHANGUILLO,110302.0,NACIONAL,ADULTO,20230930,7,0,0,20240527,1 día,2023,9
PN del Manu,Río Manu,MADRE DE DIOS,MANU,MANU,170201.0,NACIONAL,ADULTO,20220930,0,7,0,20240527,2 a 3 días,2022,9
RN de Paracas,No especificado,ICA,No especificado,No especificado,0.0,LOCAL,MENOR,20230630,340,0,0,20240527,1 día,2023,6
"RN Sistema de Islas, Islotes y Puntas Guaneras",Islas Ballestas,No especificado,No especificado,No especificado,0.0,NACIONAL,INFANTE,20221130,314,0,0,20240527,1 día,2022,11
RN Pacaya-Samiria,Pacaya,LORETO,LORETO,PARINARI,160302.0,EXTRANJERO,ADULTO MAYOR,20220228,19,0,0,20240527,1 día,2022,2
PN Huascarán,Ulta,ANCASH,HUARAZ,INDEPENDENCIA,20105.0,NACIONAL,ADULTO,20230131,325,2,0,20240527,1 día,2023,1
RN Tambopata,Malinowsky,MADRE DE DIOS,TAMBOPATA,TAMBOPATA,170101.0,LOCAL,ADULTO,20231130,0,0,3,20240527,3 a 30 días,2023,11
SH Bosque de Pomac,No especificado,LAMBAYEQUE,FERREÑAFE,PITIPO,140205.0,NACIONAL,MENOR,20220430,26,0,0,20240527,1 día,2022,4
SN los Manglares de Tumbes,No especificado,TUMBES,ZARUMILLA,ZARUMILLA,240301.0,NACIONAL,MENOR,20220228,53,0,0,20240527,1 día,2022,2
RN Pacaya-Samiria,Tibilo,LORETO,LORETO,PARINARI,160302.0,NACIONAL,ADULTO,20220930,0,26,2,20240527,2 a 3 días,2022,9
SH Machupicchu,Ruta 05,CUSCO,URUBAMBA,MACHUPICCHU,81304.0,EXTRANJERO,ADULTO MAYOR,20221031,0,0,171,20240527,3 a 30 días,2022,10
SN de Huayllay,No especificado,PASCO,PASCO,HUAYLLAY,190104.0,LOCAL,MENOR,20220930,2910,0,0,20240527,1 día,2022,9
SH Bosque de Pomac,No especificado,LAMBAYEQUE,FERREÑAFE,PITIPO,140205.0,LOCAL,ADULTO MAYOR,20220531,32,0,0,20240527,1 día,2022,5
PN de Cutervo,No especificado,CAJAMARCA,CUTERVO,SANTO DOMINGO DE LA CAPILLA,60612.0,NACIONAL,ADULTO,20230731,59,0,0,20240527,1 día,2023,7
SN Lagunas de Mejía,No especificado,AREQUIPA,ISLAY,DEAN VALDIVIA,40703.0,LOCAL,ADULTO,20220331,19,0,0,20240527,1 día,2022,3
SH de la Pampa de Ayacucho,No especificado,AYACUCHO,HUAMANGA,QUINUA,50108.0,EXTRANJERO,ADULTO,20230430,161,0,0,20240527,1 día,2023,4
RN Pacaya-Samiria,Tibilo,LORETO,LORETO,PARINARI,160302.0,EXTRANJERO,ADULTO,20230531,0,22,20,20240527,2 a 3 días,2023,5
SN de Huayllay,No especificado,PASCO,PASCO,HUAYLLAY,190104.0,NACIONAL,MENOR,20221130,313,0,0,20240527,1 día,2022,11
PN Huascarán,Churup,ANCASH,HUARAZ,INDEPENDENCIA,20105.0,NACIONAL,ADULTO,20230430,187,1,1,20240527,1 día,2023,4
PN Huascarán,Llanganuco (Laguna 69),ANCASH,HUARAZ,INDEPENDENCIA,20105.0,NACIONAL,ADULTO,20231031,1098,0,0,20240527,1 día,2023,10
PN Huascarán,Llaca,ANCASH,HUARAZ,INDEPENDENCIA,20105.0,LOCAL,MENOR,20231130,5,0,0,20240527,1 día,2023,11
PN Huascarán,Huaripampa,ANCASH,HUARAZ,INDEPENDENCIA,20105.0,EXTRANJERO,ADULTO,20230930,0,239,37,20240527,2 a 3 días,2023,9
RN Pacaya-Samiria,Nauta Caño,LORETO,LORETO,PARINARI,160302.0,EXTRANJERO,ADULTO MAYOR,20230331,2,67,0,20240527,2 a 3 días,2023,3
RN Pacaya-Samiria,Nauta Caño,LORETO,LORETO,PARINARI,160302.0,NACIONAL,MENOR,20230430,7,0,0,20240527,1 día,2023,4
SH Machupicchu,Ruta 02,CUSCO,URUBAMBA,MACHUPICCHU,81304.0,EXTRANJERO,ADULTO,20230331,0,0,11,20240527,3 a 30 días,2023,3
RN de Lachay,RNL,LIMA,HUAURA,HUACHO,150801.0,LOCAL,ADULTO,20230630,35,0,0,20240527,1 día,2023,6
ZR Sierra del Divisor,No especificado,UCAYALI,CORONEL PORTILLO,CALLERIA,250101.0,LOCAL,ADULTO MAYOR,20230228,18,0,0,20240527,1 día,2023,2
RN San Fernando,No especificado,ICA,NASCA,CHANGUILLO,110302.0,LOCAL,ADULTO,20220731,13,0,0,20240527,1 día,2022,7
RN Allpahuayo Mishana,Irapay,LORETO,MAYNAS,SAN JUAN BAUTISTA,160113.0,NACIONAL,MENOR,20230228,1,0,0,20240527,1 día,2023,2
SN los Manglares de Tumbes,No especificado,TUMBES,ZARUMILLA,ZARUMILLA,240301.0,EXTRANJERO,ADULTO,20220630,3,0,0,20240527,1 día,2022,6
SN de Ampay,No especificado,APURIMAC,ABANCAY,TAMBURCO,30109.0,LOCAL,MENOR,20230731,65,0,0,20240527,1 día,2023,7
RN del Titicaca,Titino,PUNO,HUANCANE,HUANCANE,210601.0,NACIONAL,ADULTO,20220630,264,0,0,20240527,1 día,2022,6
RVS Los Pantanos de Villa,No especificado,LIMA,LIMA,CHORRILLOS,150108.0,EXTRANJERO,ADULTO,20221231,80,0,0,20240527,1 día,2022,12
RN de Paracas,No especificado,ICA,No especificado,No especificado,0.0,NACIONAL,INFANTE,20220531,282,0,0,20240527,1 día,2022,5
PN de Tingo María,Tres de Mayo,HUANUCO,LEONCIO PRADO,MARIANO DAMASO BERAUN,100606.0,LOCAL,MENOR,20221031,5,0,0,20240527,1 día,2022,10
PN Huascarán,Carpa,ANCASH,HUARAZ,INDEPENDENCIA,20105.0,NACIONAL,MENOR,20230430,271,0,0,20240527,1 día,2023,4
SN de Ampay,No especificado,APURIMAC,ABANCAY,TAMBURCO,30109.0,LOCAL,MENOR,20230831,443,0,0,20240527,1 día,2023,8
RN Pacaya-Samiria,Nauta Caño,LORETO,LORETO,PARINARI,160302.0,NACIONAL,ADULTO,20220630,53,3,0,20240527,1 día,2022,6
PN de Tingo María,Quinceañera,HUANUCO,LEONCIO PRADO,MARIANO DAMASO BERAUN,100606.0,NACIONAL,MENOR,20230731,20,0,0,20240527,1 día,2023,7
BP Alto Mayo,Urcuchaqui,SAN MARTIN,RIOJA,PARDO MIGUEL,220805.0,LOCAL,MENOR,20220430,5,0,0,20240527,1 día,2022,4
RN Pampa Galeras Barbara D' Achille,No especificado,AYACUCHO,LUCANAS,LUCANAS,50611.0,NACIONAL,ADULTO,20230131,19,0,0,20240527,1 día,2023,1
PN Huascarán,Llanganuco (Laguna 69),ANCASH,HUARAZ,INDEPENDENCIA,20105.0,EXTRANJERO,ADULTO,20230430,7,0,0,20240527,1 día,2023,4
SN de Ampay,No especificado,APURIMAC,ABANCAY,TAMBURCO,30109.0,NACIONAL,ADULTO,20230930,28,0,0,20240527,1 día,2023,9
RN del Titicaca,Titino,PUNO,HUANCANE,HUANCANE,210601.0,EXTRANJERO,ADULTO,20220831,253,0,0,20240527,1 día,2022,8
RN Tambopata,Malinowsky,MADRE DE DIOS,TAMBOPATA,TAMBOPATA,170101.0,NACIONAL,ADULTO MAYOR,20220430,6,0,0,20240527,1 día,2022,4
SH de Chacamarca,No especificado,JUNIN,JUNIN,JUNIN,120501.0,NACIONAL,ADULTO,20230331,14,0,0,20240527,1 día,2023,3
SN los Manglares de Tumbes,No especificado,TUMBES,ZARUMILLA,ZARUMILLA,240301.0,NACIONAL,MENOR,20231031,10,0,0,20240527,1 día,2023,10
RN Tambopata,La Torre,MADRE DE DIOS,TAMBOPATA,TAMBOPATA,170101.0,NACIONAL,MENOR,20231130,0,49,0,20240527,2 a 3 días,2023,11
SH de la Pampa de Ayacucho,No especificado,AYACUCHO,HUAMANGA,QUINUA,50108.0,LOCAL,ADULTO MAYOR,20220331,207,0,0,20240527,1 día,2022,3
PN de Cutervo,No especificado,CAJAMARCA,CUTERVO,SANTO DOMINGO DE LA CAPILLA,60612.0,NACIONAL,MENOR,20230731,4,0,0,20240527,1 día,2023,7
PN del Río Abiseo,No especificado,SAN MARTIN,MARISCAL CACERES,HUICUNGO,220603.0,NACIONAL,ADULTO,20230731,54,40,0,20240527,1 día,2023,7
SN los Manglares de Tumbes,No especificado,TUMBES,ZARUMILLA,ZARUMILLA,240301.0,LOCAL,ADULTO,20230331,18,0,0,20240527,1 día,2023,3
PN Huascarán,Quillcayhuanca,ANCASH,HUARAZ,INDEPENDENCIA,20105.0,NACIONAL,ADULTO,20230930,17,1,0,20240527,1 día,2023,9
SH de Chacamarca,No especificado,JUNIN,JUNIN,JUNIN,120501.0,LOCAL,ADULTO,20220331,222,0,0,20240527,1 día,2022,3
PN de Tingo María,Quinceañera,HUANUCO,LEONCIO PRADO,MARIANO DAMASO BERAUN,100606.0,LOCAL,ADULTO,20221231,38,0,0,20240527,1 día,2022,12
"RN Sistema de Islas, Islotes y Puntas Guaneras",Islas Ballestas,No especificado,No especificado,No especificado,0.0,NACIONAL,INFANTE,20220731,858,0,0,20240527,1 día,2022,7
SH Machupicchu,Acceso Amazónico,CUSCO,URUBAMBA,MACHUPICCHU,81304.0,EXTRANJERO,ADULTO MAYOR,20230430,12,0,0,20240527,1 día,2023,4
SH de Chacamarca,No especificado,JUNIN,JUNIN,JUNIN,120501.0,NACIONAL,ADULTO,20231031,46,0,0,20240527,1 día,2023,10
PN Huascarán,Quillcayhuanca,ANCASH,HUARAZ,INDEPENDENCIA,20105.0,NACIONAL,ADULTO,20220831,4,0,0,20240527,1 día,2022,8
RN Tambopata,Malinowsky,MADRE DE DIOS,TAMBOPATA,TAMBOPATA,170101.0,EXTRANJERO,ADULTO,20230630,187,98,137,20240527,1 día,2023,6
PN Huascarán,Llanganuco,ANCASH,HUARAZ,INDEPENDENCIA,20105.0,NACIONAL,ADULTO,20230630,3568,1,0,20240527,1 día,2023,6
PN de Tingo María,Quinceañera,HUANUCO,LEONCIO PRADO,MARIANO DAMASO BERAUN,100606.0,NACIONAL,ADULTO,20230831,27,0,0,20240527,1 día,2023,8
RN Pacaya-Samiria,Yanayacu,LORETO,LORETO,PARINARI,160302.0,EXTRANJERO,ADULTO,20230930,12,217,36,20240527,2 a 3 días,2023,9
"RN Sistema de Islas, Islotes y Puntas Guaneras",Islas Ballestas,No especificado,No especificado,No especificado,0.0,NACIONAL,ADULTO,20221130,26093,0,0,20240527,1 día,2022,11
PN de Tingo María,Quinceañera,HUANUCO,LEONCIO PRADO,MARIANO DAMASO BERAUN,100606.0,NACIONAL,ADULTO,20220430,92,0,0,20240527,1 día,2022,4
"RN Sistema de Islas, Islotes y Puntas Guaneras",Islas Ballestas,No especificado,No especificado,No especificado,0.0,EXTRANJERO,ADULTO,20230930,8364,0,0,20240527,1 día,2023,9
RN de Lachay,RNL,LIMA,HUAURA,HUACHO,150801.0,EXTRANJERO,ADULTO,20230630,27,0,0,20240527,1 día,2023,6
SN Lagunas de Mejía,No especificado,AREQUIPA,ISLAY,DEAN VALDIVIA,40703.0,NACIONAL,INFANTE,20220131,28,0,0,20240527,1 día,2022,1
RN de Paracas,No especificado,ICA,No especificado,No especificado,0.0,NACIONAL,ADULTO MAYOR,20230331,1107,0,0,20240527,1 día,2023,3
SN Lagunas de Mejía,No especificado,AREQUIPA,ISLAY,DEAN VALDIVIA,40703.0,EXTRANJERO,ADULTO,20230731,13,0,0,20240527,1 día,2023,7
PN Huascarán,Churup,ANCASH,HUARAZ,INDEPENDENCIA,20105.0,NACIONAL,ADULTO,20221031,86,0,0,20240527,1 día,2022,10
"RN Sistema de Islas, Islotes y Puntas Guaneras",HOTEL PARACAS,No especificado,No especificado,No especificado,0.0,NACIONAL,ADULTO,20230831,716,0,0,20240527,1 día,2023,8
SH de la Pampa de Ayacucho,No especificado,AYACUCHO,HUAMANGA,QUINUA,50108.0,LOCAL,ADULTO,20230531,3556,0,0,20240527,1 día,2023,5
SH Machupicchu,"Ruta 1,2,3 y 5",CUSCO,URUBAMBA,MACHUPICCHU,81304.0,EXTRANJERO,ADULTO MAYOR,20220531,0,0,311,20240527,3 a 30 días,2022,5
PN Huascarán,Ulta,ANCASH,HUARAZ,INDEPENDENCIA,20105.0,LOCAL,ADULTO,20231031,691,0,0,20240527,1 día,2023,10
RN de Paracas,No especificado,ICA,No especificado,No especificado,0.0,LOCAL,ADULTO MAYOR,20220228,2611,0,0,20240527,1 día,2022,2
PN Huascarán,Ulta (Pico Mateo),ANCASH,HUARAZ,INDEPENDENCIA,20105.0,NACIONAL,ADULTO,20230228,91,0,0,20240527,1 día,2023,2
PN Yanachaga-Chemillén,Huampal,PASCO,OXAPAMPA,PALCAZU,190304.0,NACIONAL,MENOR,20230831,55,0,0,20240527,1 día,2023,8
"RN Sistema de Islas, Islotes y Puntas Guaneras",Punta San Juan,No especificado,No especificado,No especificado,0.0,LOCAL,MENOR,20220228,2,0,0,20240527,1 día,2022,2
PN de Tingo María,Cueva de las Lechuzas,HUANUCO,LEONCIO PRADO,MARIANO DAMASO BERAUN,100606.0,NACIONAL,ADULTO,20230531,2882,0,0,20240527,1 día,2023,5
PN Yanachaga-Chemillén,San Alberto,PASCO,OXAPAMPA,PALCAZU,190304.0,EXTRANJERO,ADULTO,20220930,3,3,0,20240527,1 día,2022,9
RN Pampa Galeras Barbara D' Achille,No especificado,AYACUCHO,LUCANAS,LUCANAS,50611.0,NACIONAL,ADULTO,20220131,75,0,0,20240527,1 día,2022,1
"RN Sistema de Islas, Islotes y Puntas Guaneras",Punta San Juan,No especificado,No especificado,No especificado,0.0,LOCAL,ADULTO,20221031,8,0,0,20240527,1 día,2022,10
SN Lagunas de Mejía,No especificado,AREQUIPA,ISLAY,DEAN VALDIVIA,40703.0,LOCAL,ADULTO,20230831,48,0,0,20240527,1 día,2023,8
RN de Paracas,No especificado,ICA,No especificado,No especificado,0.0,NACIONAL,ADULTO MAYOR,20220331,1093,0,0,20240527,1 día,2022,3
PN Huascarán,Ulta,ANCASH,HUARAZ,INDEPENDENCIA,20105.0,NACIONAL,MENOR,20220430,44,0,0,20240527,1 día,2022,4
SN los Manglares de Tumbes,No especificado,TUMBES,ZARUMILLA,ZARUMILLA,240301.0,NACIONAL,ADULTO MAYOR,20231031,1,0,0,20240527,1 día,2023,10
PN Huascarán,Huaripampa,ANCASH,HUARAZ,INDEPENDENCIA,20105.0,NACIONAL,ADULTO,20230131,0,1,0,20240527,2 a 3 días,2023,1
"RN Sistema de Islas, Islotes y Puntas Guaneras",Islas Cavinza e Islotes Palomino,No especificado,No especificado,No especificado,0.0,NACIONAL,ADULTO,20220430,564,0,0,20240527,1 día,2022,4
PN de Tingo María,Quinceañera,HUANUCO,LEONCIO PRADO,MARIANO DAMASO BERAUN,100606.0,LOCAL,MENOR,20220731,14,0,0,20240527,1 día,2022,7
RN Tambopata,Sandoval,MADRE DE DIOS,TAMBOPATA,TAMBOPATA,170101.0,NACIONAL,MENOR,20221130,189,2,0,20240527,1 día,2022,11
RN de Lachay,No especificado,LIMA,HUAURA,HUACHO,150801.0,NACIONAL,ADULTO MAYOR,20220430,28,0,0,20240527,1 día,2022,4
RN Allpahuayo Mishana,Irapay,LORETO,MAYNAS,SAN JUAN BAUTISTA,160113.0,LOCAL,ADULTO MAYOR,20220531,5,0,0,20240527,1 día,2022,5
RN Tambopata,Sandoval,MADRE DE DIOS,TAMBOPATA,TAMBOPATA,170101.0,LOCAL,MENOR,20220228,3,0,0,20240527,1 día,2022,2
RN San Fernando,No especificado,ICA,NASCA,CHANGUILLO,110302.0,NACIONAL,ADULTO MAYOR,20220331,3,0,0,20240527,1 día,2022,3
RN Pacaya-Samiria,Tibilo,LORETO,LORETO,PARINARI,160302.0,NACIONAL,MENOR,20220430,0,1,0,20240527,2 a 3 días,2022,4
RN de Paracas,BE,ICA,No especificado,No especificado,0.0,NACIONAL,MENOR,20221231,1,0,0,20240527,1 día,2022,12
RN de Lachay,No especificado,LIMA,HUAURA,HUACHO,150801.0,NACIONAL,INFANTE,20220731,3,0,0,20240527,1 día,2022,7
PN de Tingo María,Cueva de las Lechuzas,HUANUCO,LEONCIO PRADO,MARIANO DAMASO BERAUN,100606.0,NACIONAL,ADULTO,20220731,10100,0,0,20240527,1 día,2022,7
SN de Huayllay,No especificado,PASCO,PASCO,HUAYLLAY,190104.0,NACIONAL,ADULTO MAYOR,20230630,140,0,0,20240527,1 día,2023,6
RN Allpahuayo Mishana,A,LORETO,MAYNAS,SAN JUAN BAUTISTA,160113.0,LOCAL,ADULTO,20221031,33,0,0,20240527,1 día,2022,10
"RN Sistema de Islas, Islotes y Puntas Guaneras",Punta Coles,No especificado,No especificado,No especificado,0.0,LOCAL,ADULTO,20220331,8,0,0,20240527,1 día,2022,3
RN Pampa Galeras Barbara D' Achille,No especificado,AYACUCHO,LUCANAS,LUCANAS,50611.0,LOCAL,ADULTO,20230331,24,0,0,20240527,1 día,2023,3
RN Pacaya-Samiria,Nauta Caño,LORETO,LORETO,PARINARI,160302.0,NACIONAL,ADULTO MAYOR,20220331,5,0,0,20240527,1 día,2022,3
PN del Manu,Río Manu,MADRE DE DIOS,MANU,MANU,170201.0,NACIONAL,ADULTO,20230630,0,1,0,20240527,2 a 3 días,2023,6
RN Pacaya-Samiria,Nauta Caño,LORETO,LORETO,PARINARI,160302.0,NACIONAL,ADULTO MAYOR,20220930,0,0,1,20240527,3 a 30 días,2022,9
RN San Fernando,No especificado,ICA,NASCA,CHANGUILLO,110302.0,NACIONAL,INFANTE,20220831,1,0,0,20240527,1 día,2022,8
SN de Calipuy,Mirador Puya Raimondi,LA LIBERTAD,SANTIAGO DE CHUCO,SANTIAGO DE CHUCO,131001.0,NACIONAL,MENOR,20231130,15,0,0,20240527,1 día,2023,11
RVS Los Pantanos de Villa,No especificado,LIMA,LIMA,CHORRILLOS,150108.0,LOCAL,ADULTO MAYOR,20221130,8,0,0,20240527,1 día,2022,11
"RN Sistema de Islas, Islotes y Puntas Guaneras",Punta Coles,No especificado,No especificado,No especificado,0.0,LOCAL,ADULTO,20230831,14,0,0,20240527,1 día,2023,8
SN Lagunas de Mejía,No especificado,AREQUIPA,ISLAY,DEAN VALDIVIA,40703.0,NACIONAL,ADULTO,20230930,20,0,0,20240527,1 día,2023,9
RN Pampa Galeras Barbara D' Achille,No especificado,AYACUCHO,LUCANAS,LUCANAS,50611.0,LOCAL,MENOR,20230131,2,0,0,20240527,1 día,2023,1
PN de Tingo María,Cueva de las Lechuzas,HUANUCO,LEONCIO PRADO,MARIANO DAMASO BERAUN,100606.0,NACIONAL,ADULTO MAYOR,20230731,609,0,0,20240527,1 día,2023,7
PN Huascarán,Llaca,ANCASH,HUARAZ,INDEPENDENCIA,20105.0,LOCAL,MENOR,20231031,5,0,0,20240527,1 día,2023,10
RN del Titicaca,Titino,PUNO,HUANCANE,HUANCANE,210601.0,EXTRANJERO,ADULTO,20220131,29,0,0,20240527,1 día,2022,1
PN Yanachaga-Chemillén,San Alberto,PASCO,OXAPAMPA,PALCAZU,190304.0,EXTRANJERO,ADULTO,20220228,6,0,0,20240527,1 día,2022,2
SH Machupicchu,Acceso Amazónico,CUSCO,URUBAMBA,MACHUPICCHU,81304.0,EXTRANJERO,ADULTO,20221031,9597,0,0,20240527,1 día,2022,10
RN del Titicaca,Titino,PUNO,HUANCANE,HUANCANE,210601.0,NACIONAL,ADULTO,20230831,153,0,0,20240527,1 día,2023,8
PN de Tingo María,Quinceañera,HUANUCO,LEONCIO PRADO,MARIANO DAMASO BERAUN,100606.0,LOCAL,MENOR,20220331,1,0,0,20240527,1 día,2022,3
PN Huascarán,Huaripampa,ANCASH,HUARAZ,INDEPENDENCIA,20105.0,NACIONAL,ADULTO,20230930,0,18,0,20240527,2 a 3 días,2023,9
SH Machupicchu,Ruta 01,CUSCO,URUBAMBA,MACHUPICCHU,81304.0,EXTRANJERO,ADULTO,20230331,0,0,1028,20240527,3 a 30 días,2023,3
RN Tambopata,Malinowsky,MADRE DE DIOS,TAMBOPATA,TAMBOPATA,170101.0,EXTRANJERO,MENOR,20220430,28,4,14,20240527,1 día,2022,4
RN San Fernando,No especificado,ICA,NASCA,CHANGUILLO,110302.0,LOCAL,MENOR,20220831,4,0,0,20240527,1 día,2022,8
RN Tambopata,Malinowsky,MADRE DE DIOS,TAMBOPATA,TAMBOPATA,170101.0,EXTRANJERO,MENOR,20230831,81,17,16,20240527,1 día,2023,8
SH Machupicchu,Ruta 02,CUSCO,URUBAMBA,MACHUPICCHU,81304.0,EXTRANJERO,ADULTO MAYOR,20230731,0,0,6,20240527,3 a 30 días,2023,7
